,Model,Params,SOH RMSE,SOH MAE,Phys.Cons.,α-λ,Cross RMSE
0,Double-exp fit,4,0.0449 ± 0.0065,0.0397,0.995,0.72,0.6721
1,SVR,6966,0.0495 ± 0.0106,0.0371,0.732,0.72,0.1566
2,Transformer (light),17441,0.0345 ± 0.0075,0.0312,0.783,0.62,0.0859
3,Transformer (heavy),225409,0.0418 ± 0.0084,0.0384,0.715,0.57,0.1018
4,LSTM,5537,0.0359 ± 0.0182,0.0329,0.805,0.65,0.0993
5,GRU,4161,0.0359 ± 0.0088,0.0324,0.772,0.62,0.1125
6,Neural-ODE,1249,0.0505 ± 0.0196,0.0450,0.686,0.59,0.0977
7,Hybrid (route B),41473,0.0262 ± 0.0029,0.0216,0.918,0.71,0.2617
8,Hybrid (route A),41473,0.0301 ± 0.0059,0.0258,0.903,0.59,0.0963
